﻿<?xml version="1.0" encoding="utf-8"?>
<extension version="2.5" type="plugin" group="system">
  <name>System - Freestyle CRON Plugin</name>
  <creationDate>2013 02 11</creationDate>
  <authorEmail>support@freestyle-joomla.com</authorEmail>
  <authorUrl>http://www.freestyle-joomla.com</authorUrl>
  <author>Freestyle Joomla</author>
  <copyright>Copyright Freestyle Joomla 2010</copyright>
  <license>Please see http://www.freestyle-joomla.com/license for software license</license>
  <version>1.10.0.1580</version>
  <description>System - Freestyle CRON Plugin</description>
  <files>
    <filename plugin="fss_cron">fss_cron.php</filename>
  </files>
  <params>
  </params>
</extension>
  