<?xml version="1.0" encoding="utf-8"?>
<extension
	type="module"
	version="2.5"
	client="site"
	method="upgrade">
  <help url="HELP_MODULE" key="HELP_MODULE"></help>
  <name>Freestyle Support: Admin Overview</name>
	<author>Freestyle Joomla</author>
	<creationDate>2013 02 11</creationDate>
	<version>1.10.0.1580</version>
	<description>Module to display administration task overview</description>
	<files>
		<filename>mod_fss_support.xml</filename>
		<filename module="mod_fss_support">mod_fss_support.php</filename>
		<filename>index.html</filename>
		<folder>tmpl</folder>
	</files>
	<languages>
		<language tag="en-GB">en-GB.mod_fss_support.ini</language>
	</languages>

	<!-- Joomla 1.6+ -->
	<config>
		<fields name="params">
			<fieldset name="advanced">
				<field
					name="moduleclass_sfx"
					type="text"
					label="COM_MODULES_FIELD_MODULECLASS_SFX_LABEL"
					description="COM_MODULES_FIELD_MODULECLASS_SFX_DESC" />
			</fieldset>
		</fields>
	</config>
</extension>